{
  "error": false,
  "message": "Stories fetched successfully",
  "listStory": [
    {
      "id": "story-FvU4u0Vp2S3PMsFg",
      "name": "Faisal Sulaiman",
      "description": "In rhoncus lorem nec ex egestas mollis vel a mauris. Pellentesque vel diam at neque hendrerit bibendum. Quisque egestas, dolor eu semper dapibus, turpis neque.",
      "photoUrl": "https://source.unsplash.com/1200x700/?nature",
      "createdAt": "2022-01-08T06:34:18.598Z"
    },
    {
      "id": "story-q9anz4avd83ni2r3",
      "name": "Alya Jamaluddin",
      "description": "In a pretium sem. Suspendisse eget sollicitudin enim, sed suscipit mi. Integer sagittis lorem urna, tincidunt viverra lectus gravida id. Praesent venenatis nibh ac nisi.",
      "photoUrl": "https://source.unsplash.com/1200x700/?mountain",
      "createdAt": "2022-01-08T06:34:18.598Z"
    },
    {
      "id": "story-vd83nqai2r39anz4",
      "name": "Vina Indah",
      "description": "Curabitur euismod risus venenatis felis iaculis tincidunt. Pellentesque velit risus, tempus et odio vel, venenatis volutpat erat. Vivamus sed gravida lacus, non feugiat nibh. Nam.",
      "photoUrl": "https://source.unsplash.com/1200x700/?hiking",
      "createdAt": "2022-01-08T06:34:18.598Z"
    },
    {
      "id": "story-0Vp2S3PMsFgFvU4u",
      "name": "Cinta Nur",
      "description": "Pellentesque dignissim fringilla ultricies. Pellentesque velit arcu, mattis sed lacinia sed, congue non nisi. Etiam fermentum id lectus eu fringilla. Nullam a risus nec mauris.",
      "photoUrl": "https://source.unsplash.com/1200x700/?tennis",
      "createdAt": "2022-01-08T06:34:18.598Z"
    },
    {
      "id": "story-0VPMsFgFp2S3vU4u",
      "name": "Eka Kasih",
      "description": "Vestibulum lacinia mauris vitae felis mattis accumsan. Fusce eleifend tincidunt malesuada. Morbi euismod tempor est, pulvinar varius purus tristique et. Integer mattis at massa eu.",
      "photoUrl": "https://source.unsplash.com/1200x700/?football",
      "createdAt": "2022-01-08T06:34:18.598Z"
    },
    {
      "id": "story-usFgFp20VPMS3vU4",
      "name": "Bulan Jamilah",
      "description": "Nam quis euismod quam. Donec massa purus, sodales vitae massa eu, malesuada egestas magna. Ut rhoncus mattis lorem. Morbi placerat augue id augue aliquet egestas.",
      "photoUrl": "https://source.unsplash.com/1200x700/?programming",
      "createdAt": "2022-01-08T06:34:18.598Z"
    },
    {
      "id": "story-gFp20VPMS3vU4usF",
      "name": "Nurul Tirta",
      "description": "Vivamus consectetur eu erat nec luctus. Class aptent taciti sociosqu ad litora torquent per conubia nostra, per inceptos himenaeos. Nullam ornare commodo ipsum non luctus.",
      "photoUrl": "https://source.unsplash.com/1200x700/?gaming",
      "createdAt": "2022-01-08T06:34:18.598Z"
    },
    {
      "id": "story-gFpsF20VPMS3vU4u",
      "name": "Wahyu Cahya",
      "description": "Ut et dolor vel magna mollis mattis. Ut et erat purus. Pellentesque habitant morbi tristique senectus et netus et malesuada fames ac turpis egestas. Curabitur.",
      "photoUrl": "https://source.unsplash.com/1200x700/?traveling",
      "createdAt": "2022-01-08T06:34:18.598Z"
    },
    {
      "id": "story-PFvU4u0Vp2S3MsFg",
      "name": "Burhanuddin Danial",
      "description": "Quisque ultricies feugiat tincidunt. Duis auctor condimentum felis, a imperdiet odio lobortis eget. Pellentesque habitant morbi tristique senectus et netus et malesuada fames ac turpis.",
      "photoUrl": "https://source.unsplash.com/1200x700/?skydiving",
      "createdAt": "2022-01-08T06:34:18.598Z"
    }
  ]
}
